{
  "project_info": {
    "project_number": "929946710133",
    "firebase_url": "https://test-e1edd-default-rtdb.firebaseio.com",
    "project_id": "test-e1edd",
    "storage_bucket": "test-e1edd.appspot.com"
  },
  "client": [
    {
      "client_info": {
        "mobilesdk_app_id": "1:929946710133:android:d1b9f93d34d0d136aa483c",
        "android_client_info": {
          "package_name": "com.codingwithmitch.googlemaps2018"
        }
      },
      "oauth_client": [
        {
          "client_id": "929946710133-uui05upk07e0lsko3stm1ib3hq0g1mnf.apps.googleusercontent.com",
          "client_type": 3
        }
      ],
      "api_key": [
        {
          "current_key": "AIzaSyDOXVhdofj0i3FKgGcq7tEbFQ2RVy69SJk"
        }
      ],
      "services": {
        "appinvite_service": {
          "other_platform_oauth_client": [
            {
              "client_id": "929946710133-uui05upk07e0lsko3stm1ib3hq0g1mnf.apps.googleusercontent.com",
              "client_type": 3
            }
          ]
        }
      }
    },
    {
      "client_info": {
        "mobilesdk_app_id": "1:929946710133:android:457f9bf88d7488c6aa483c",
        "android_client_info": {
          "package_name": "com.example.phoneinformation"
        }
      },
      "oauth_client": [
        {
          "client_id": "929946710133-uui05upk07e0lsko3stm1ib3hq0g1mnf.apps.googleusercontent.com",
          "client_type": 3
        }
      ],
      "api_key": [
        {
          "current_key": "AIzaSyDOXVhdofj0i3FKgGcq7tEbFQ2RVy69SJk"
        }
      ],
      "services": {
        "appinvite_service": {
          "other_platform_oauth_client": [
            {
              "client_id": "929946710133-uui05upk07e0lsko3stm1ib3hq0g1mnf.apps.googleusercontent.com",
              "client_type": 3
            }
          ]
        }
      }
    }
  ],
  "configuration_version": "1"
}